Distances,VQE Energies
-0.7,-55.696910398726
-0.6,-55.969123931042
-0.55,-55.978077142683
-0.5,-55.984035272511
-0.45,-55.749898138686
-0.4,-55.989534288256
-0.35,-55.985477795076
-0.25,-55.978849431721
-0.1,-55.963417235382
0.0,-55.959305782215
0.1,-55.962789209474
0.25,-55.977135189798
0.35,-55.988144013783
0.4,-55.988518967785
0.45,-55.988105901946
0.5,-55.9641555
0.55,-55.97794179
0.6,-55.96570183
0.7,-55.93412242
