Distances,VQE Energies
-0.4, -54.72176475 
0.0, -54.6477766303
0.4, -55.08633064